{
  "auditReportVersion": 2,
  "vulnerabilities": {
    "lodash": {
      "name": "lodash",
      "severity": "high",
      "isDirect": true,
      "via": [
        {
          "source": 1106913,
          "name": "lodash",
          "dependency": "lodash",
          "title": "Command Injection in lodash",
          "url": "https://github.com/advisories/GHSA-35jh-r3h4-6jhm",
          "severity": "high",
          "cwe": [
            "CWE-77",
            "CWE-94"
          ],
          "cvss": {
            "score": 7.2,
            "vectorString": "CVSS:3.1/AV:N/AC:L/PR:H/UI:N/S:U/C:H/I:H/A:H"
          },
          "range": "<4.17.21"
        },
        {
          "source": 1108258,
          "name": "lodash",
          "dependency": "lodash",
          "title": "Regular Expression Denial of Service (ReDoS) in lodash",
          "url": "https://github.com/advisories/GHSA-29mw-wpgm-hmr9",
          "severity": "moderate",
          "cwe": [
            "CWE-400",
            "CWE-1333"
          ],
          "cvss": {
            "score": 5.3,
            "vectorString": "CVSS:3.1/AV:N/AC:L/PR:N/UI:N/S:U/C:N/I:N/A:L"
          },
          "range": ">=4.0.0 <4.17.21"
        },
        {
          "source": 1112455,
          "name": "lodash",
          "dependency": "lodash",
          "title": "Lodash has Prototype Pollution Vulnerability in `_.unset` and `_.omit` functions",
          "url": "https://github.com/advisories/GHSA-xxjr-mmjv-4gpg",
          "severity": "moderate",
          "cwe": [
            "CWE-1321"
          ],
          "cvss": {
            "score": 6.5,
            "vectorString": "CVSS:3.1/AV:N/AC:L/PR:N/UI:N/S:U/C:N/I:L/A:L"
          },
          "range": ">=4.0.0 <=4.17.22"
        }
      ],
      "effects": [],
      "range": "<=4.17.21",
      "nodes": [
        "node_modules/lodash"
      ],
      "fixAvailable": true
    }
  },
  "metadata": {
    "vulnerabilities": {
      "info": 0,
      "low": 0,
      "moderate": 0,
      "high": 1,
      "critical": 0,
      "total": 1
    },
    "dependencies": {
      "prod": 2,
      "dev": 0,
      "optional": 0,
      "peer": 0,
      "peerOptional": 0,
      "total": 1
    }
  }
}
