{"matches":[{"vulnerability":{"id":"GHSA-mwcw-c2x4-8c55","dataSource":"https://github.com/advisories/GHSA-mwcw-c2x4-8c55","namespace":"github:language:javascript","severity":"Medium","urls":["https://nvd.nist.gov/vuln/detail/CVE-2024-55565","https://github.com/ai/nanoid/pull/510","https://github.com/ai/nanoid/compare/3.3.7...3.3.8","https://github.com/ai/nanoid/releases/tag/5.0.9","https://lists.debian.org/debian-lts-announce/2024/12/msg00025.html","https://lists.debian.org/debian-lts-announce/2025/01/msg00006.html"],"description":"Predictable results in nanoid generation when given non-integer values","cvss":[{"type":"Secondary","version":"3.1","vector":"CVSS:3.1/AV:N/AC:L/PR:L/UI:N/S:U/C:N/I:L/A:N","metrics":{"baseScore":4.3,"exploitabilityScore":2.9,"impactScore":1.5},"vendorMetadata":{}}],"epss":[{"cve":"CVE-2024-55565","epss":0.00116,"percentile":0.30597,"date":"2026-02-13"}],"cwes":[{"cve":"CVE-2024-55565","cwe":"CWE-835","source":"134c704f-9b21-4f2e-91b3-4a467353bcc0","type":"Secondary"}],"fix":{"versions":["3.3.8"],"state":"fixed","available":[{"version":"3.3.8","date":"2026-02-13","kind":"first-observed"}]},"advisories":[],"risk":0.05394},"relatedVulnerabilities":[{"id":"CVE-2024-55565","dataSource":"https://nvd.nist.gov/vuln/detail/CVE-2024-55565","namespace":"nvd:cpe","severity":"Medium","urls":["https://github.com/ai/nanoid/compare/3.3.7...3.3.8","https://github.com/ai/nanoid/pull/510","https://github.com/ai/nanoid/releases/tag/5.0.9","https://lists.debian.org/debian-lts-announce/2024/12/msg00025.html","https://lists.debian.org/debian-lts-announce/2025/01/msg00006.html"],"description":"nanoid (aka Nano ID) before 5.0.9 mishandles non-integer values. 3.3.8 is also a fixed version.","cvss":[{"source":"134c704f-9b21-4f2e-91b3-4a467353bcc0","type":"Secondary","version":"3.1","vector":"CVSS:3.1/AV:N/AC:L/PR:L/UI:N/S:U/C:N/I:L/A:N","metrics":{"baseScore":4.3,"exploitabilityScore":2.9,"impactScore":1.5},"vendorMetadata":{}}],"epss":[{"cve":"CVE-2024-55565","epss":0.00116,"percentile":0.30597,"date":"2026-02-13"}],"cwes":[{"cve":"CVE-2024-55565","cwe":"CWE-835","source":"134c704f-9b21-4f2e-91b3-4a467353bcc0","type":"Secondary"}]}],"matchDetails":[{"type":"exact-direct-match","matcher":"javascript-matcher","searchedBy":{"language":"javascript","namespace":"github:language:javascript","package":{"name":"nanoid","version":"2.1.0"}},"found":{"vulnerabilityID":"GHSA-mwcw-c2x4-8c55","versionConstraint":"<3.3.8 (semantic)"},"fix":{"suggestedVersion":"3.3.8"}}],"artifact":{"id":"pkg:npm/nanoid@2.1.0?package-id=f07b54c897e4fc50","name":"nanoid","version":"2.1.0","type":"npm","locations":[{"path":"/package-lock.json","accessPath":""}],"language":"javascript","licenses":["MIT"],"cpes":["cpe:2.3:a:nanoid_project:nanoid:2.1.0:*:*:*:*:node.js:*:*"],"purl":"pkg:npm/nanoid@2.1.0","upstreams":[]}}],"source":{"type":"file","target":"/project/sca-nanoid"},"distro":{"name":"","version":"","idLike":null},"descriptor":{"name":"grype","version":"0.108.0","configuration":{"output":["json"],"file":"","pretty":false,"distro":"","add-cpes-if-none":false,"output-template-file":"","check-for-app-update":true,"only-fixed":false,"only-notfixed":false,"ignore-wontfix":"","platform":"","search":{"scope":"squashed","unindexed-archives":false,"indexed-archives":true},"ignore":[{"vulnerability":"","include-aliases":false,"reason":"","namespace":"","fix-state":"","package":{"name":"kernel-headers","version":"","language":"","type":"rpm","location":"","upstream-name":"kernel"},"vex-status":"","vex-justification":"","match-type":"exact-indirect-match"},{"vulnerability":"","include-aliases":false,"reason":"","namespace":"","fix-state":"","package":{"name":"linux(-.*)?-headers-.*","version":"","language":"","type":"deb","location":"","upstream-name":"linux.*"},"vex-status":"","vex-justification":"","match-type":"exact-indirect-match"},{"vulnerability":"","include-aliases":false,"reason":"","namespace":"","fix-state":"","package":{"name":"linux-libc-dev","version":"","language":"","type":"deb","location":"","upstream-name":"linux"},"vex-status":"","vex-justification":"","match-type":"exact-indirect-match"}],"exclude":[],"externalSources":{"enable":false,"maven":{"searchUpstreamBySha1":true,"baseUrl":"https://search.maven.org/solrsearch/select","rateLimit":300000000}},"match":{"java":{"using-cpes":false},"jvm":{"using-cpes":true},"dotnet":{"using-cpes":false},"golang":{"using-cpes":false,"always-use-cpe-for-stdlib":true,"allow-main-module-pseudo-version-comparison":false},"javascript":{"using-cpes":false},"python":{"using-cpes":false},"ruby":{"using-cpes":false},"rust":{"using-cpes":false},"hex":{"using-cpes":false},"stock":{"using-cpes":true},"dpkg":{"using-cpes":false,"missing-epoch-strategy":"zero","use-cpes-for-eol":false},"rpm":{"using-cpes":false,"missing-epoch-strategy":"auto","use-cpes-for-eol":false}},"fail-on-severity":"","registry":{"insecure-skip-tls-verify":false,"insecure-use-http":false,"ca-cert":""},"show-suppressed":false,"by-cve":false,"SortBy":{"sort-by":"risk"},"name":"","default-image-pull-source":"","from":null,"vex-documents":[],"vex-add":[],"match-upstream-kernel-headers":false,"fix-channel":{"redhat-eus":{"apply":"auto","versions":">= 8.0"}},"timestamp":true,"alerts":{"enable-eol-distro-warnings":true},"db":{"cache-dir":"/.cache/grype/db","update-url":"https://grype.anchore.io/databases","ca-cert":"","auto-update":true,"validate-by-hash-on-start":true,"validate-age":true,"max-allowed-built-age":432000000000000,"require-update-check":false,"update-available-timeout":30000000000,"update-download-timeout":300000000000,"max-update-check-frequency":7200000000000},"exp":{},"dev":{"db":{"debug":false}}},"db":{"status":{"schemaVersion":"v6.1.4","from":"https://grype.anchore.io/databases/v6/vulnerability-db_v6.1.4_2026-02-14T00:34:14Z_1771050197.tar.zst?checksum=sha256%3A06d9b1fccf73daa4e1089d7fb2f8e8ce776793f971a28e52d5ca2b70eeff82ed","built":"2026-02-14T06:23:17Z","path":"/.cache/grype/db/6/vulnerability.db","valid":true},"providers":{"alma":{"captured":"2026-02-14T00:34:21Z","input":"xxh64:2983a2a377abd980"},"alpine":{"captured":"2026-02-14T00:34:14Z","input":"xxh64:dbcd2654fbf37c4a"},"amazon":{"captured":"2026-02-14T00:34:30Z","input":"xxh64:169b9f9c40effd31"},"arch":{"captured":"2026-02-14T00:34:21Z","input":"xxh64:8fdc6501267ec18b"},"bitnami":{"captured":"2026-02-14T00:34:26Z","input":"xxh64:46f2ecfcd93dbc58"},"chainguard":{"captured":"2026-02-14T00:34:21Z","input":"xxh64:cdd5c66879f8225f"},"chainguard-libraries":{"captured":"2026-02-14T00:34:31Z","input":"xxh64:7f08686fa1816d86"},"debian":{"captured":"2026-02-14T00:34:28Z","input":"xxh64:646750c3b8f894cd"},"echo":{"captured":"2026-02-14T00:34:18Z","input":"xxh64:5fd85f8818c1b708"},"eol":{"captured":"2026-02-14T00:34:25Z","input":"xxh64:7365e70c9db189b1"},"epss":{"captured":"2026-02-14T00:34:24Z","input":"xxh64:15b73c1ec35d5a5b"},"github":{"captured":"2026-02-14T00:34:26Z","input":"xxh64:c238e96aa83137c0"},"kev":{"captured":"2026-02-14T00:34:34Z","input":"xxh64:0208e70ea21fb8cd"},"mariner":{"captured":"2026-02-14T00:34:25Z","input":"xxh64:340b374e8c0ab3c1"},"minimos":{"captured":"2026-02-14T00:34:16Z","input":"xxh64:6c577073cd1997d7"},"nvd":{"captured":"2026-02-14T00:34:58Z","input":"xxh64:9f802ce0ed357291"},"oracle":{"captured":"2026-02-14T00:34:18Z","input":"xxh64:5b15d92c6d4cf3eb"},"photon":{"captured":"2026-02-14T00:34:31Z","input":"xxh64:23971f844cf754a7"},"rhel":{"captured":"2026-02-14T00:35:13Z","input":"xxh64:ae47077a9bc8c46d"},"secureos":{"captured":"2026-02-14T00:34:20Z","input":"xxh64:dd16507d300059ec"},"sles":{"captured":"2026-02-14T00:34:46Z","input":"xxh64:8228cc9fe9aae16a"},"ubuntu":{"captured":"2026-02-14T00:35:24Z","input":"xxh64:d09ecdd29a8c24be"},"wolfi":{"captured":"2026-02-14T00:34:26Z","input":"xxh64:103747124853a09c"}}},"timestamp":"2026-02-14T11:57:30.052385091Z"}}
