{"$schema":"http://cyclonedx.org/schema/bom-1.6.schema.json","bomFormat":"CycloneDX","specVersion":"1.6","serialNumber":"urn:uuid:909358c6-35be-4500-9fd6-61c39f6100e0","version":1,"metadata":{"timestamp":"2026-02-14T11:55:53Z","tools":{"components":[{"type":"application","author":"anchore","name":"syft","version":"1.42.0"}]},"component":{"bom-ref":"92adfdb31c2d3eeb","type":"file","name":"/project/sca-uuid"}},"components":[{"bom-ref":"pkg:npm/sca-uuid@1.0.0?package-id=79f729731a582268","type":"library","name":"sca-uuid","version":"1.0.0","licenses":[{"license":{"id":"ISC"}}],"cpe":"cpe:2.3:a:sca-uuid:sca-uuid:1.0.0:*:*:*:*:*:*:*","purl":"pkg:npm/sca-uuid@1.0.0","properties":[{"name":"syft:package:foundBy","value":"javascript-lock-cataloger"},{"name":"syft:package:language","value":"javascript"},{"name":"syft:package:type","value":"npm"},{"name":"syft:package:metadataType","value":"javascript-npm-package-lock-entry"},{"name":"syft:cpe23","value":"cpe:2.3:a:sca-uuid:sca_uuid:1.0.0:*:*:*:*:*:*:*"},{"name":"syft:cpe23","value":"cpe:2.3:a:sca_uuid:sca-uuid:1.0.0:*:*:*:*:*:*:*"},{"name":"syft:cpe23","value":"cpe:2.3:a:sca_uuid:sca_uuid:1.0.0:*:*:*:*:*:*:*"},{"name":"syft:cpe23","value":"cpe:2.3:a:sca:sca-uuid:1.0.0:*:*:*:*:*:*:*"},{"name":"syft:cpe23","value":"cpe:2.3:a:sca:sca_uuid:1.0.0:*:*:*:*:*:*:*"},{"name":"syft:location:0:path","value":"/package-lock.json"}]},{"bom-ref":"pkg:npm/uuid@3.4.0?package-id=58a007d48fed1fa5","type":"library","name":"uuid","version":"3.4.0","licenses":[{"license":{"id":"MIT"}}],"cpe":"cpe:2.3:a:uuid:uuid:3.4.0:*:*:*:*:*:*:*","purl":"pkg:npm/uuid@3.4.0","properties":[{"name":"syft:package:foundBy","value":"javascript-lock-cataloger"},{"name":"syft:package:language","value":"javascript"},{"name":"syft:package:type","value":"npm"},{"name":"syft:package:metadataType","value":"javascript-npm-package-lock-entry"},{"name":"syft:location:0:path","value":"/package-lock.json"}]},{"bom-ref":"fd71c2238fc07657","type":"file","name":"/project/sca-uuid/package-lock.json","hashes":[{"alg":"SHA-1","content":"0c7291844b9442f9bfd778f0712846804146071f"},{"alg":"SHA-256","content":"99c48a55536c6083482f21700baa1544fc1e86b6c3cf72bac327f3311eeac1df"}]}],"dependencies":[{"ref":"pkg:npm/sca-uuid@1.0.0?package-id=79f729731a582268","dependsOn":["pkg:npm/uuid@3.4.0?package-id=58a007d48fed1fa5"]}]}
