{"$schema":"http://cyclonedx.org/schema/bom-1.6.schema.json","bomFormat":"CycloneDX","specVersion":"1.6","serialNumber":"urn:uuid:a420abda-4b9e-470c-9f94-e8052d92989a","version":1,"metadata":{"timestamp":"2026-02-14T11:55:55Z","tools":{"components":[{"type":"application","author":"anchore","name":"syft","version":"1.42.0"}]},"component":{"bom-ref":"ae003fe0d8bf0447","type":"file","name":"/project/sca-nanoid"}},"components":[{"bom-ref":"pkg:npm/nanoid@2.1.0?package-id=f07b54c897e4fc50","type":"library","name":"nanoid","version":"2.1.0","licenses":[{"license":{"id":"MIT"}}],"cpe":"cpe:2.3:a:nanoid_project:nanoid:2.1.0:*:*:*:*:node.js:*:*","purl":"pkg:npm/nanoid@2.1.0","properties":[{"name":"syft:package:foundBy","value":"javascript-lock-cataloger"},{"name":"syft:package:language","value":"javascript"},{"name":"syft:package:type","value":"npm"},{"name":"syft:package:metadataType","value":"javascript-npm-package-lock-entry"},{"name":"syft:location:0:path","value":"/package-lock.json"}]},{"bom-ref":"pkg:npm/sca-nanoid@1.0.0?package-id=9019ab7e8e5c6625","type":"library","name":"sca-nanoid","version":"1.0.0","licenses":[{"license":{"id":"ISC"}}],"cpe":"cpe:2.3:a:sca-nanoid:sca-nanoid:1.0.0:*:*:*:*:*:*:*","purl":"pkg:npm/sca-nanoid@1.0.0","properties":[{"name":"syft:package:foundBy","value":"javascript-lock-cataloger"},{"name":"syft:package:language","value":"javascript"},{"name":"syft:package:type","value":"npm"},{"name":"syft:package:metadataType","value":"javascript-npm-package-lock-entry"},{"name":"syft:cpe23","value":"cpe:2.3:a:sca-nanoid:sca_nanoid:1.0.0:*:*:*:*:*:*:*"},{"name":"syft:cpe23","value":"cpe:2.3:a:sca_nanoid:sca-nanoid:1.0.0:*:*:*:*:*:*:*"},{"name":"syft:cpe23","value":"cpe:2.3:a:sca_nanoid:sca_nanoid:1.0.0:*:*:*:*:*:*:*"},{"name":"syft:cpe23","value":"cpe:2.3:a:sca:sca-nanoid:1.0.0:*:*:*:*:*:*:*"},{"name":"syft:cpe23","value":"cpe:2.3:a:sca:sca_nanoid:1.0.0:*:*:*:*:*:*:*"},{"name":"syft:location:0:path","value":"/package-lock.json"}]},{"bom-ref":"fd71c2238fc07657","type":"file","name":"/project/sca-nanoid/package-lock.json","hashes":[{"alg":"SHA-1","content":"ac76745cdefa883108b624c0b0b5db97e7fa3197"},{"alg":"SHA-256","content":"d2178bfca0b6718ffae3e940a0b1b0d4091a4bf239437e6e4bba3d3aeff61ea4"}]}],"dependencies":[{"ref":"pkg:npm/sca-nanoid@1.0.0?package-id=9019ab7e8e5c6625","dependsOn":["pkg:npm/nanoid@2.1.0?package-id=f07b54c897e4fc50"]}]}
