{
  "auditReportVersion": 2,
  "vulnerabilities": {
    "nanoid": {
      "name": "nanoid",
      "severity": "moderate",
      "isDirect": true,
      "via": [
        {
          "source": 1109563,
          "name": "nanoid",
          "dependency": "nanoid",
          "title": "Predictable results in nanoid generation when given non-integer values",
          "url": "https://github.com/advisories/GHSA-mwcw-c2x4-8c55",
          "severity": "moderate",
          "cwe": [
            "CWE-835"
          ],
          "cvss": {
            "score": 4.3,
            "vectorString": "CVSS:3.1/AV:N/AC:L/PR:L/UI:N/S:U/C:N/I:L/A:N"
          },
          "range": "<3.3.8"
        }
      ],
      "effects": [],
      "range": "<3.3.8",
      "nodes": [
        "node_modules/nanoid"
      ],
      "fixAvailable": {
        "name": "nanoid",
        "version": "5.1.6",
        "isSemVerMajor": true
      }
    }
  },
  "metadata": {
    "vulnerabilities": {
      "info": 0,
      "low": 0,
      "moderate": 1,
      "high": 0,
      "critical": 0,
      "total": 1
    },
    "dependencies": {
      "prod": 2,
      "dev": 0,
      "optional": 0,
      "peer": 0,
      "peerOptional": 0,
      "total": 1
    }
  }
}
